メーカー ,車種 ,グレード ,発売期間,型式,駆動方式,乗車定員,ドア枚数,エンジン型式,エンジン種類,エンジン区分,環境対策エンジン,総排気量(cc),過給器,最高出力/回転数(ps/rpm),最大トルク/回転数(kg・m/rpm),ホイールベース(mm),車両重量(kg),最低地上高(mm),最小回転半径(m),サスペンション形式前,サスペンション形式後,ブレーキ形式前,ブレーキ形式後,前タイヤ,後タイヤ,使用燃料,燃料タンク容量(L),JC08モード燃費(km/L),オートエアコン,エアフィルター,パワーウインドウ,シートリフター,フロントベンチシート,2列目シート,UVカットガラス,プライバシーガラス,アルミホイール,両側電動スライドドア,リアスポイラー,フロントフォグランプ,スピーカ数,ETC,運転席エアバッグ,助手席エアバッグ,サイドエアバッグ,カーテンエアバッグ,頸部衝撃緩和ヘッドレスト,EBD付ABS,クルーズコントロール,ESC（横滑り防止装置）,トラクションコントロール,ISOFIX対応チャイルドシート固定バー,パワーステアリング,盗難防止装置,セキュリティアラーム,キーレスエントリー,マニュアルモード,チップアップシート,ドアイージークローザー,アイドリングストップシステム,衝突軽減装置,レーンアシスト,車間距離自動制御システム,バックモニター,エンジンスタートボタン,前席シートヒーター,床下ラゲージボックス,オーディオソース_CD,オーディオソース_DVD,オーディオソース_AM/FMラジオ,ブレーキアシスト,駐車支援システム,防水加工,地上波デジタルテレビチューナー,ソナー,フロントモニター,サイドモニター,ダウンヒルアシストコントロール,その他ナビゲーション,寒冷地仕様,インテリジェントAFS,運転席パワーシート,本革シート,AC電源,ステアリングヒーター,リアフォグランプ,テレマティクスサービス,高級サウンドシステム,レインセンサー,インテリジェントパーキングアシスト,エマージェンシーサービス,フロント両席パワーシート,サンルーフ,オーディオソース_HDD,ニーエアバッグ,シートポジションメモリー機能,ヘッドライトウォッシャー,後退時連動式ドアミラー,VGS/VGRS,10-15モード燃費(km/L),フロントスポイラー,ディスチャージヘッドライト,オーディオソース_カセット,ABS,バケットシート,高性能ブレーキ,LSD,4WS,後席シートヒーター,2列目ウォークスルー,3列目シート,オットマン機構,電動バックドア,リアエンターテイメントシステム,電気式4WD,AI-SHIFT,助手席ウォークスルー,大型ガラスルーフ,ルーフレール,HDDナビゲーション,ランフラットタイヤ,可変気筒装置,AYC(アクティブ・ヨー・コントロール),全長,全幅,全高,室内全長,室内全幅,室内全高,img1,img2,img3,"乗り心地判定(1:良い,2:その他)",フルフラットシート,マニュアルエアコン,両側スライドドア,抗菌仕様,ローダウン,ナイトビジョン,高性能サスペンション,片側スライドドア,ソフトトップ,メタルトップ,空気清浄機,エアサスペンション,センターデフロック,ハードトップ,キャンバストップ
ホンダ,N-BOX,カスタム 660 G L ターボ ホンダセンシング 4WD,2017年09月～2019年09月,DBA-JF2,4WD,4人,5ドア,S07B,直列3気筒DOHC,ガソリン,H17☆☆☆☆,658cc,ターボ,64ps/6000rpm,10.6kg・m/2600rpm,2520mm,990kg,145mm,4.7m,ストラット式,ド・ディオン式,Vディスク式,ドラム式,165/55R15,165/55R15,レギュラー,25L,23km/L,○,○,○,○,○,分割可倒,○,○,○,○,○,○,○(8),○,○,○,○,○,○,○,○,○,○,○,○,○,○,○,○,○,○,○,○,○,○,○,○,,,,,,,,,,,,,,,,,,,,,,,,,,,,,,,,,,,,,,,,,,,,,,,,,,,,,,,,,,,3395mm,1475mm,1790mm,2240mm,1350mm,1400mm,http://img.carsensorlab.net/CSphoto/catalog/HO/S094/HO_S094_F002_M001_1_L.jpg,http://img.carsensorlab.net/CSphoto/catalog/HO/S094/HO_S094_F002_M001_2_L.jpg,http://img.carsensorlab.net/CSphoto/catalog/HO/S094/HO_S094_F002_M001_3_L.jpg,1,,,,,,,,,,,,,,,
スズキ,ハスラー,660 ハイブリッド Xターボ 4WD,2019年12月～,4AA-MR52S,4WD,4人,5ドア,R06A,直列3気筒DOHC,ハイブリッド,H30☆☆☆,658cc,ターボ,64ps/6000rpm,10kg・m/3000rpm,2460mm,880kg,180mm,4.6m,ストラット式,アイソレーテッド・トレーリング・リンク式,Vディスク式,ドラム式,165/60R15,165/60R15,レギュラー,27L,,○,,○,○,,分割可倒,○,○,○,,,○,○(6),,○,○,○,○,○,○,○,○,○,○,○,○,○,○,○,,,○,○,○,○,△,○,○,○,△,△,△,○,△,○,△,○,△,△,○,△,,,,,,,,,,,,,,,,,,,,,,,,,,,,,,,,,,,,,,,,,,,,,3395mm,1475mm,1680mm,2215mm,1330mm,1270mm,http://img.carsensorlab.net/CSphoto/catalog/SZ/S050/SZ_S050_F002_M001_1_L.jpg,http://img.carsensorlab.net/CSphoto/catalog/SZ/S050/SZ_S050_F002_M001_2_L.jpg,http://img.carsensorlab.net/CSphoto/catalog/SZ/S050/SZ_S050_F002_M001_3_L.jpg,1,,,,,,,,,,,,,,,
ダイハツ,ムーヴキャンバス,660 G メイクアップ リミテッド SAIII 4WD,2018年09月～2019年09月,5BA-LA810S,4WD,4人,5ドア,KF,直列3気筒DOHC,ガソリン,H30☆☆☆☆,658cc,,52ps/6800rpm,6.1kg・m/5200rpm,2455mm,970kg,145mm,4.4m,ストラット式,3リンク式,Vディスク式,ドラム式,155/65R14,155/65R14,レギュラー,30L,27.4km/L,○,○,○,○,○,分割可倒,○,○,,○,,○,○(6),,○,○,○,,,○,,○,○,○,○,○,○,○,,,○,○,○,○,,○,○,△,○,,,,,,,,,○,○,,,○,○,,,,,,,,,,,,,,,,,,,,,,,,,,,,,,,,,,,,,,,,,,,3395mm,1475mm,1655mm,2115mm,1345mm,1285mm,http://img.carsensorlab.net/CSphoto/catalog/DA/S073/DA_S073_F001_M003_1_L.jpg,http://img.carsensorlab.net/CSphoto/catalog/DA/S073/DA_S073_F001_M003_2_L.jpg,http://img.carsensorlab.net/CSphoto/catalog/DA/S073/DA_S073_F001_M003_3_L.jpg,1,,,,,,,,,,,,,,,
トヨタ,プリウスPHV,1.8 A プレミアム ナビパッケージ,2019年05月～2019年09月,DLA-ZVW52,FF,5人,5ドア,2ZR-FXE,直列4気筒DOHC,ハイブリッド,H17☆☆☆☆,1797cc,,98ps/5200rpm,14.5kg・m/3600rpm,2700mm,1530kg,130mm,5.1m,ストラット式,ダブルウィッシュボーン,Vディスク式,ディスク式,195/65R15,195/65R15,レギュラー,43L,37.2km/L,○,○,○,○,,分割可倒,○,○,○,,○,○,○(6),○,○,○,○,○,,○,○,○,○,○,○,○,○,○,,,,○,○,○,○,○,○,○,○,,,○,○,○,,○,○,○,○,,○,△,,○,○,△,○,△,○,△,○,○,,,,,,,,,,,,,,,,,,,,,,,,,,,,,,,,,,4645mm,1760mm,1470mm,2110mm,1490mm,1195mm,http://img.carsensorlab.net/CSphoto/catalog/TO/S225/TO_S225_F002_M002_1_L.jpg,http://img.carsensorlab.net/CSphoto/catalog/TO/S225/TO_S225_F002_M002_2_L.jpg,http://img.carsensorlab.net/CSphoto/catalog/TO/S225/TO_S225_F002_M002_3_L.jpg,1,,,,,,,,,,,,,,,
ホンダ,フィット,1.5 e:HEV ホーム 4WD,2020年02月～,6AA-GR4,4WD,5人,5ドア,LEB,直列4気筒DOHC,ハイブリッド,H30☆☆☆☆☆,1496cc,,98ps/6400rpm,13kg・m/5000rpm,2530mm,1260kg,150mm,4.9m,ストラット式,ド・ディオン式,Vディスク式,ディスク式,185/60R15,185/60R15,レギュラー,40L,30.8km/L,○,○,○,○,,分割可倒,○,○,△,,,,○(2),,○,○,○,○,○,○,○,○,○,○,○,○,○,○,,○,,○,○,○,○,△,○,,○,,,,,,,,○,,,,,,,,,,,,△,,,,△,,,,,,,,,,,,,,,,,,,,,,,,,,,,,,,,,3995mm,1695mm,1540mm,1955mm,1445mm,1260mm,http://img.carsensorlab.net/CSphoto/catalog/HO/S028/HO_S028_F004_M001_1_L.jpg,http://img.carsensorlab.net/CSphoto/catalog/HO/S028/HO_S028_F004_M001_2_L.jpg,http://img.carsensorlab.net/CSphoto/catalog/HO/S028/HO_S028_F004_M001_3_L.jpg,1,,,,,,,,,,,,,,,
日産,ノート,1.2 e-POWER NISMO S,2018年09月～2019年09月,DAA-HE12,FF,5人,5ドア,HR12DE,直列3気筒DOHC,ハイブリッド,H17☆☆☆☆,1198cc,,83ps/6000rpm,10.5kg・m/5200rpm,2600mm,1250kg,130mm,5.2m,ストラット式,トーションビーム式,Vディスク式,ドラム式,195/55R16,195/55R16,レギュラー,41L,,○,,○,○,,分割可倒,○,○,○,,,,○(2),,○,○,,,,○,△,○,○,○,○,○,,○,,,,○,○,○,△,△,○,,,,,,○,△,,,○,△,△,,,△,,,,,,○,,,,,,,,,,,,,,,,,,,,,,,,,,,,,,,,,,,,,,4165mm,1695mm,1535mm,2065mm,1390mm,1255mm,http://img.carsensorlab.net/CSphoto/catalog/NI/S008/NI_S008_F002_M009_1_L.jpg,http://img.carsensorlab.net/CSphoto/catalog/NI/S008/NI_S008_F002_M009_2_L.jpg,http://img.carsensorlab.net/CSphoto/catalog/NI/S008/NI_S008_F002_M009_3_L.jpg,1,,,,,,,,,,,,,,,
トヨタ,クラウン,ハイブリッド 3.5 RS アドバンス,2020年04月～2020年10月,6AA-GWS224,FR,5人,4ドア,8GR-FXS,V型6気筒DOHC,ハイブリッド,H30☆☆☆☆☆,3456cc,,299ps/6600rpm,36.3kg・m/5100rpm,2920mm,1870kg,135mm,5.5m,マルチリンク式,マルチリンク式,Vディスク式,Vディスク式,225/45R18,225/45R18,ハイオク,66L,18km/L,○,○,○,○,,固定,○,○,○,,○,○,○(10),○,○,○,○,○,,○,○,○,○,○,○,○,○,○,○,,,○,○,○,○,○,○,○,,○,○,○,,○,,○,○,△,△,,○,△,,○,△,○,○,△,○,,○,△,○,○,△,○,○,○,○,○,○,,,,,,,,,,,,,,,,,,,,,,,,,4910mm,1800mm,1455mm,1980mm,1500mm,1185mm,http://img.carsensorlab.net/CSphoto/catalog/TO/S055/TO_S055_F004_M003_1_L.jpg,http://img.carsensorlab.net/CSphoto/catalog/TO/S055/TO_S055_F004_M003_2_L.jpg,http://img.carsensorlab.net/CSphoto/catalog/TO/S055/TO_S055_F004_M003_3_L.jpg,1,,,,,,,,,,,,,,,
日産,スカイラインGT-R,2.6 4WD,1997年02月～1998年12月,E-BCNR33,4WD,4人,2ドア,RB26DETT,直列6気筒DOHC,ガソリン,,2568cc,ターボ,280ps/6800rpm,37.5kg・m/4400rpm,2720mm,1530kg,145mm,5.7m,マルチリンク式,マルチリンク式,Vディスク式,Vディスク式,245/45ZR17,245/45ZR17,ハイオク,65L,,○,,○,○,,固定,△,,○,,○,,○(4),,○,○,,,,,,,,,○,,,,,,,,,,,,,,,△,,○,,,,,,,,,,,,,,,,○,,,,,,,,,,,,,,8.1km/L,○,○,○,○,○,○,○,○,,,,,,,,,,,,,,,,4675mm,1780mm,1360mm,1820mm,1415mm,1090mm,http://img.carsensorlab.net/CSphoto/catalog/NI/S054/NI_S054_F002_M003_1_L.jpg,http://img.carsensorlab.net/CSphoto/catalog/NI/S054/NI_S054_F002_M003_2_L.jpg,http://img.carsensorlab.net/CSphoto/catalog/NI/S054/NI_S054_F002_M003_3_L.jpg,1,,,,,,,,,,,,,,,
マツダ,MAZDA6セダン,2.2 XD Lパッケージ ディーゼルターボ 4WD,2019年08月～2019年09月,3DA-GJ2AP,4WD,5人,4ドア,SH-VPTR,直列4気筒DOHC,ディーゼル,,2188cc,ターボ,190ps/4500rpm,45.9kg・m/2000rpm,2830mm,1670kg,160mm,5.6m,ストラット式,マルチリンク式,Vディスク式,ディスク式,225/45R19,225/45R19,軽油,52L,,○,○,○,○,,分割可倒,○,○,○,,,,○(11),,○,○,○,○,○,○,○,○,○,○,○,○,,○,○,,,○,○,○,○,○,○,○,,△,△,○,○,○,,△,○,△,△,,,○,○,○,○,,○,○,,○,○,,,○,△,,,○,○,,,,,,,,,,,,○,,,,,,,,,,,,,,,4865mm,1840mm,1450mm,1960mm,1550mm,1170mm,http://img.carsensorlab.net/CSphoto/catalog/MA/S098/MA_S098_F001_M001_1_L.jpg,http://img.carsensorlab.net/CSphoto/catalog/MA/S098/MA_S098_F001_M001_2_L.jpg,,1,,,,,,,,,,,,,,,
トヨタ,アルファード,ハイブリッド 2.5 エグゼクティブ ラウンジ S 4WD,2017年12月～2018年09月,DAA-AYH30W,4WD,7人,5ドア,2AR-FXE,直列4気筒DOHC,ハイブリッド,H17☆☆☆☆,2493cc,,152ps/5700rpm,21kg・m/4800rpm,3000mm,2240kg,165mm,5.6m,ストラット式,ダブルウィッシュボーン,Vディスク式,Vディスク式,225/60R17,225/60R17,レギュラー,65L,18.4km/L,○,○,○,○,,固定,○,○,○,○,○,○,○(17),○,○,○,○,○,○,○,○,○,○,○,○,○,○,○,○,,○,○,○,○,○,○,○,○,○,○,○,○,○,○,,○,○,○,○,,○,△,,○,○,○,○,△,○,○,○,,○,○,△,○,○,○,,○,,,○,,,,,,,,○,可,分割可倒,○,○,○,○,,,,,,,,,4950mm,1850mm,1950mm,3210mm,1590mm,1400mm,http://img.carsensorlab.net/CSphoto/catalog/TO/S009/TO_S009_F003_M002_1_L.jpg,http://img.carsensorlab.net/CSphoto/catalog/TO/S009/TO_S009_F003_M002_2_L.jpg,http://img.carsensorlab.net/CSphoto/catalog/TO/S009/TO_S009_F003_M002_3_L.jpg,1,,,,,,,,,,,,,,,
トヨタ,ヴェルファイア,3.5 エグゼクティブラウンジ Z,2019年12月～,3BA-GGH30W,FF,7人,5ドア,2GR-FKS,V型6気筒DOHC,ガソリン,,3456cc,,301ps/6600rpm,36.8kg・m/4700rpm,3000mm,2150kg,160mm,5.8m,ストラット式,ダブルウィッシュボーン,Vディスク式,Vディスク式,225/60R17,225/60R17,ハイオク,75L,,○,○,○,○,,固定,○,○,○,○,○,○,○(17),○,○,○,○,○,○,○,○,○,○,○,○,○,○,○,○,,○,○,○,○,○,○,○,○,○,○,○,○,○,○,,○,○,○,○,,○,△,,○,○,○,○,△,○,○,○,○,○,○,△,○,○,○,,○,,,○,,,,,,,,○,可,分割可倒,○,○,○,,○,,,,,,,,4935mm,1850mm,1935mm,3210mm,1590mm,1400mm,http://img.carsensorlab.net/CSphoto/catalog/TO/S200/TO_S200_F002_M005_1_L.jpg,http://img.carsensorlab.net/CSphoto/catalog/TO/S200/TO_S200_F002_M005_2_L.jpg,http://img.carsensorlab.net/CSphoto/catalog/TO/S200/TO_S200_F002_M005_3_L.jpg,1,,,,,,,,,,,,,,,
日産,セレナ,2.0 ハイウェイスター V,2019年10月～2020年07月,DAA-GFC27,FF,8人,5ドア,MR20DD,直列4気筒DOHC,ハイブリッド,H17☆☆☆☆,1997cc,,150ps/6000rpm,20.4kg・m/4400rpm,2860mm,1710kg,160mm,5.7m,ストラット式,トーションビーム式,Vディスク式,ディスク式,195/60R16,195/60R16,レギュラー,55L,16.6km/L,○,○,○,○,,固定,○,○,○,○,○,○,○(6),,○,○,△,△,,○,○,○,○,○,○,○,,○,,,○,○,○,○,△,△,○,△,○,,,,○,△,△,,○,△,△,,,△,,,,,△,,,,,△,,,,,,,,,,,○,,,,,,,,,可,分割可倒,,,,,,可,,,,,,,4770mm,1740mm,1865mm,3240mm,1545mm,1400mm,http://img.carsensorlab.net/CSphoto/catalog/NI/S012/NI_S012_F005_M006_1_L.jpg,http://img.carsensorlab.net/CSphoto/catalog/NI/S012/NI_S012_F005_M006_2_L.jpg,http://img.carsensorlab.net/CSphoto/catalog/NI/S012/NI_S012_F005_M006_3_L.jpg,1,,,,,,,,,,,,,,,
トヨタ,ハリアー,2.0 Z,2020年06月～,6BA-MXUA80,FF,5人,5ドア,M20A-FKS,直列4気筒DOHC,ガソリン,H30☆☆☆☆☆,1986cc,,171ps/6600rpm,21.1kg・m/4800rpm,2690mm,1590kg,195mm,5.7m,ストラット式,マルチリンク式,Vディスク式,ディスク式,225/55R19,225/55R19,レギュラー,55L,,○,○,○,○,,分割可倒,○,○,○,,○,○,○(9),○,○,○,○,○,○,○,○,○,○,○,○,○,○,○,○,,,○,○,○,○,○,○,,○,,,○,○,○,,○,○,△,△,,○,△,,○,,△,,△,○,○,○,,○,,△,,○,,,,,,,,,,,,,,,,,,○,,,,,△,,,,,,4740mm,1855mm,1660mm,1880mm,1520mm,1215mm,http://img.carsensorlab.net/CSphoto/catalog/TO/S114/TO_S114_F004_M001_1_L.jpg,http://img.carsensorlab.net/CSphoto/catalog/TO/S114/TO_S114_F004_M001_2_L.jpg,http://img.carsensorlab.net/CSphoto/catalog/TO/S114/TO_S114_F004_M001_3_L.jpg,1,,,,,,,,,,,,,,,
スバル,フォレスター,2.0 アドバンス 4WD,2019年10月～,5AA-SKE,4WD,5人,5ドア,FB20,水平対抗4気筒DOHC,ハイブリッド,H30☆☆☆,1995cc,,145ps/6000rpm,19.2kg・m/4000rpm,2670mm,1640kg,220mm,5.4m,ストラット式,マルチリンク式,Vディスク式,Vディスク式,225/55R18,225/55R18,レギュラー,48L,18.6km/L,○,,○,○,,分割可倒,○,○,○,,○,○,○(6),,○,○,○,○,,○,○,○,○,○,○,○,○,○,○,,,○,○,○,○,△,○,○,○,,,,○,,,,,△,○,○,,,○,○,△,,○,○,,,○,,,○,△,,○,○,○,○,,,,,,,,,,,○,,,,△,,,,,,△,,,,,4625mm,1815mm,1715mm,2100mm,1545mm,1270mm,http://img.carsensorlab.net/CSphoto/catalog/SB/S011/SB_S011_F005_M003_1_L.jpg,http://img.carsensorlab.net/CSphoto/catalog/SB/S011/SB_S011_F005_M003_2_L.jpg,http://img.carsensorlab.net/CSphoto/catalog/SB/S011/SB_S011_F005_M003_3_L.jpg,1,,,,,,,,,,,,,,,
フォルクスワーゲン,ポロ,GTI,2020年03月～2020年04月,ABA-AWCZP,FF,5人,5ドア,CZP,直列4気筒DOHC,ガソリン,,1984cc,ターボ,200ps/6000rpm,32.6kg・m/4350rpm,2550mm,1290kg,130mm,5.1m,ストラット式,トレーリングアーム式,Vディスク式,ディスク式,215/45R17,215/45R17,ハイオク,40L,16.1km/L,○,,○,○,,分割可倒,○,○,○,,○,○,○(6),○,○,○,○,○,,,○,○,○,○,○,○,,○,○,,,○,○,△,○,○,○,,,○,○,○,○,○,,○,○,,,,○,,,,,,,○,○,,○,○,,,,○,,,,,,,,,,○,,,,,,,,,,,,,,,,,,,,4075mm,1750mm,1440mm,,,,http://img.carsensorlab.net/CSphoto/catalog/VW/S001/VW_S001_F004_M006_1_L.jpg,http://img.carsensorlab.net/CSphoto/catalog/VW/S001/VW_S001_F004_M006_2_L.jpg,http://img.carsensorlab.net/CSphoto/catalog/VW/S001/VW_S001_F004_M006_3_L.jpg,1,,,,,,,,,,,,,,,
ミニ,ミニクラブマン,クーパー S オール4 4WD,2019年10月～,3BA-LV20M,4WD,5人,5ドア,B48A20F,直列4気筒DOHC,ガソリン,,1998cc,ターボ,192ps/5000rpm,28.6kg・m/4600rpm,2670mm,1550kg,,5.5m,ストラット式,マルチリンク式,Vディスク式,ディスク式,225/45R17,225/45R17,ハイオク,48L,,○,,○,○,,分割可倒,,△,○,,△,○,○(6),○,○,○,○,○,,,○,○,○,○,○,○,△,○,○,,,○,○,,○,△,○,○,,,,○,,△,,,○,,,,○,,,△,△,,,○,○,△,○,△,○,△,△,,,△,,,,,△,,,○,,,,,,,,,,,,,,△,△,○,△,,,4275mm,1800mm,1470mm,,,,http://img.carsensorlab.net/CSphoto/catalog/MN/S003/MN_S003_F002_M003_1_L.jpg,http://img.carsensorlab.net/CSphoto/catalog/MN/S003/MN_S003_F002_M003_2_L.jpg,http://img.carsensorlab.net/CSphoto/catalog/MN/S003/MN_S003_F002_M003_3_L.jpg,1,,,,,,,,,,,,,,,
メルセデス・ベンツ,Bクラス,B200d AMGライン ディーゼルターボ,2019年10月～2020年03月,3DA-247012,FF,5人,5ドア,654,直列4気筒DOHC,ディーゼル,,1950cc,ターボ,150ps/4400rpm,32.6kg・m/3200rpm,2730mm,1560kg,120mm,5m,ストラット式,トーションビーム式,Vディスク式,ディスク式,225/45R18,225/45R18,軽油,43L,,○,○,○,○,,分割可倒,,○,○,,○,,○(6),,○,○,○,○,,,○,○,○,○,○,○,,○,○,,,○,○,△,△,○,○,○,○,,,○,○,○,,△,○,△,△,,△,,○,○,△,,,○,○,,○,○,○,○,△,,○,○,,○,,,○,,,○,,,,,,,,,○,,,,,△,,,,,,4430mm,1795mm,1550mm,,,,http://img.carsensorlab.net/CSphoto/catalog/ME/S002/ME_S002_F003_M002_1_L.jpg,http://img.carsensorlab.net/CSphoto/catalog/ME/S002/ME_S002_F003_M002_2_L.jpg,http://img.carsensorlab.net/CSphoto/catalog/ME/S002/ME_S002_F003_M002_3_L.jpg,1,,,,,,,,,,,,,,,
フォルクスワーゲン,パサートヴァリアント,TDI ハイライン ディーゼルターボ,2019年04月～2019年09月,LDA-3CDFC,FF,5人,5ドア,DFC,直列4気筒DOHC,ディーゼル,,1968cc,ターボ,190ps/4000rpm,40.8kg・m/3300rpm,2790mm,1610kg,130mm,5.4m,ストラット式,4リンク,Vディスク式,ディスク式,235/45R18,235/45R18,軽油,59L,20.6km/L,○,○,○,○,,分割可倒,○,○,○,,,○,○(8),○,○,○,○,○,○,,○,○,○,○,○,○,,○,○,,,○,○,○,○,○,○,○,,○,○,○,○,○,,○,○,△,△,,○,,○,○,○,,,○,○,,○,,,○,△,○,○,○,○,○,,,,,,○,,,,,,,,,○,,,,,△,○,,,○,,4775mm,1830mm,1510mm,,,,http://img.carsensorlab.net/CSphoto/catalog/VW/S015/VW_S015_F004_M005_1_L.jpg,http://img.carsensorlab.net/CSphoto/catalog/VW/S015/VW_S015_F004_M005_2_L.jpg,http://img.carsensorlab.net/CSphoto/catalog/VW/S015/VW_S015_F004_M005_3_L.jpg,1,,,,,,,,,,,,,,,
アルファ　ロメオ,ジュリア,2.9 V6 ビターボ クアドリフォリオ,2019年10月～2020年09月,ABA-95229,FR,4人,4ドア,670050436,V型6気筒DOHC,ガソリン,,2891cc,ターボ,510ps/6500rpm,61.2kg・m/2550rpm,2820mm,1710kg,,5.7m,ダブルウィッシュボーン,マルチリンク式,Vディスク式,Vディスク式,245/35ZR19,285/30ZR19,ハイオク,58L,,○,○,○,○,,分割可倒,,○,○,,○,,○(14),,○,○,○,○,,○,○,○,○,○,○,○,○,○,○,,,○,○,○,○,○,○,○,,,,○,○,○,,,○,,,,,,○,○,○,,○,○,,○,○,,,○,,,,○,○,,,,○,○,,,,,,,,,,,,,,,,,,,,○,○,4635mm,1865mm,1435mm,,,,http://img.carsensorlab.net/CSphoto/catalog/AF/S019/AF_S019_F002_M004_1_L.jpg,http://img.carsensorlab.net/CSphoto/catalog/AF/S019/AF_S019_F002_M004_2_L.jpg,http://img.carsensorlab.net/CSphoto/catalog/AF/S019/AF_S019_F002_M004_3_L.jpg,1,,,,,,,,,,,,,,,
ＢＭＷ,2シリーズグランツアラー,218d xドライブ ラグジュアリー 4WD,2018年06月～2018年12月,LDA-2E20,4WD,7人,5ドア,B47C20A,直列4気筒DOHC,ディーゼル,,1995cc,ターボ,150ps/4000rpm,33.7kg・m/2750rpm,2780mm,1690kg,165mm,5.7m,ストラット式,マルチリンク式,Vディスク式,ディスク式,205/55R17,205/55R17,軽油,61L,20km/L,○,○,○,○,,分割可倒,,,○,,,○,○(6),○,○,○,○,○,,,△,○,○,○,○,○,,○,○,,,○,○,○,△,○,△,○,,○,○,○,,○,,,○,,,,,,,○,○,,,○,△,,○,△,○,○,△,○,○,○,,○,,,,,,○,,,,,,,分割可倒,,△,,,,,△,△,○,○,,,4585mm,1800mm,1640mm,,,,http://img.carsensorlab.net/CSphoto/catalog/BM/S053/BM_S053_F001_M005_1_L.jpg,http://img.carsensorlab.net/CSphoto/catalog/BM/S053/BM_S053_F001_M005_2_L.jpg,http://img.carsensorlab.net/CSphoto/catalog/BM/S053/BM_S053_F001_M005_3_L.jpg,1,,,,,,,,,,,,,,,
シトロエン,C5エアクロスSUV,シャイン,2020年04月～2020年06月,3BA-C845G06,FF,5人,5ドア,,直列4気筒DOHC,ガソリン,,1598cc,ターボ,180ps/5500rpm,25.5kg・m/1650rpm,2730mm,1520kg,190mm,5.6m,ストラット式,トーションビーム式,Vディスク式,ディスク式,225/55R18,225/55R18,ハイオク,52L,,○,○,○,○,,分割可倒,,○,○,,,○,,,○,○,○,○,,○,○,○,○,○,○,,,○,○,,,○,○,○,○,○,○,,○,,,○,○,○,,,○,,,○,,,,○,○,,,○,,,○,○,,,,,,,,,,,,,,,,,,,,,,,○,,,,,,○,,,,,4500mm,1850mm,1710mm,,,,http://img.carsensorlab.net/CSphoto/catalog/CI/S040/CI_S040_F001_M003_1_L.jpg,http://img.carsensorlab.net/CSphoto/catalog/CI/S040/CI_S040_F001_M003_2_L.jpg,http://img.carsensorlab.net/CSphoto/catalog/CI/S040/CI_S040_F001_M003_3_L.jpg,1,,,,,,,,,,,,,,,
ボルボ,XC40,T4 AWD Rデザイン 4WD,2018年03月～2019年02月,DBA-XB420XC,4WD,5人,5ドア,B420,直列4気筒DOHC,ガソリン,H17☆☆☆☆,1968cc,ターボ,190ps/4700rpm,30.6kg・m/4000rpm,2700mm,1670kg,210mm,5.7m,ストラット式,マルチリンク式,ディスク式,ディスク式,235/50R19,235/50R19,ハイオク,53L,13.2km/L,○,○,○,○,,分割可倒,,○,○,,○,○,○(8),○,○,○,○,○,○,○,○,○,○,○,○,○,○,○,○,,,○,○,○,○,○,○,○,○,,,○,○,○,,○,○,○,○,○,,,○,○,○,,△,○,,△,○,○,,○,△,,○,○,○,○,,,,,,,,,,,△,,,,△,,,,,△,○,○,,,,4425mm,1875mm,1660mm,,,,http://img.carsensorlab.net/CSphoto/catalog/VO/S044/VO_S044_F001_M001_1_L.jpg,http://img.carsensorlab.net/CSphoto/catalog/VO/S044/VO_S044_F001_M001_2_L.jpg,http://img.carsensorlab.net/CSphoto/catalog/VO/S044/VO_S044_F001_M001_3_L.jpg,1,,,,,,,,,,,,,,,
ダイハツ,タント,660 カスタム RS セレクション,2019年12月～,5BA-LA650S,FF,4人,5ドア,KF,直列3気筒DOHC,ガソリン,H30☆☆☆☆,658cc,ターボ,64ps/6400rpm,10.2kg・m/3600rpm,2460mm,920kg,150mm,4.7m,ストラット式,トーションビーム式,Vディスク式,ドラム式,165/55R15,165/55R15,レギュラー,30L,24.8km/L,○,,○,○,○,分割可倒,○,○,○,○,○,○,○(2),○,○,○,○,○,,○,○,○,○,○,○,○,○,○,,,○,○,○,○,○,△,○,○,○,,,,,,,,○,△,△,,,○,,,,,,,,,,△,,,,,,,,,,,○,,,,,,,,,,,,,,,,可,,,,,,,3395mm,1475mm,1755mm,2180mm,1350mm,1370mm,http://img.carsensorlab.net/CSphoto/catalog/DA/S006/DA_S006_F004_M002_1_L.jpg,http://img.carsensorlab.net/CSphoto/catalog/DA/S006/DA_S006_F004_M002_2_L.jpg,http://img.carsensorlab.net/CSphoto/catalog/DA/S006/DA_S006_F004_M002_3_L.jpg,2,,,,,,,,,,,,,,,
スズキ,ワゴンR,660 スティングレー ハイブリッド T 4WD,2017年02月～2019年09月,DAA-MH55S,4WD,4人,5ドア,R06A,直列3気筒DOHC,ハイブリッド,H17☆☆☆☆,658cc,ターボ,64ps/6000rpm,10kg・m/3000rpm,2460mm,850kg,150mm,4.6m,ストラット式,アイソレーテッド・トレーリング・リンク式,Vディスク式,ドラム式,165/55R15,165/55R15,レギュラー,27L,27km/L,○,,○,○,○,分割可倒,○,○,○,,○,○,○(2),,○,○,○,○,○,○,○,○,○,○,○,○,○,○,○,,,○,○,○,,△,○,○,○,△,△,△,○,△,,△,,△,△,,△,,,,,,,,,,,,,,,,,,,,,,○,,,,,,,,,,,,,,,,,,,,,,,3395mm,1475mm,1650mm,2450mm,1355mm,1265mm,http://img.carsensorlab.net/CSphoto/catalog/SZ/S015/SZ_S015_F006_M001_1_L.jpg,http://img.carsensorlab.net/CSphoto/catalog/SZ/S015/SZ_S015_F006_M001_2_L.jpg,http://img.carsensorlab.net/CSphoto/catalog/SZ/S015/SZ_S015_F006_M001_3_L.jpg,2,可,,,,,,,,,,,,,,
スズキ,エブリイ,660 PC リミテッド ハイルーフ 4WD,2016年11月～2019年05月,HBD-DA17V,4WD,4人,5ドア,R06A,直列3気筒DOHC,ガソリン,H19☆☆☆☆,658cc,,49ps/5700rpm,6.3kg・m/3500rpm,2430mm,910kg,150mm,4.1m,ストラット式,アイソレーテッド・トレーリング・リンク式,ディスク式,ドラム式,145/80R12,145/80R12,レギュラー,37L,16.6km/L,,,○,,,一括可倒,○,○,,,,,○(1),,○,○,,,○,○,,△,△,,○,,○,○,,,,,△,,,,,,,,,○,△,,,,,,,,,,,,,,,,,,,,,,,,,,,,,,,,,,,,,,,,,,,,,,,,,,,,,3395mm,1475mm,1895mm,,,,http://img.carsensorlab.net/CSphoto/catalog/SZ/S005/SZ_S005_F005_M003_1_L.jpg,http://img.carsensorlab.net/CSphoto/catalog/SZ/S005/SZ_S005_F005_M003_2_L.jpg,http://img.carsensorlab.net/CSphoto/catalog/SZ/S005/SZ_S005_F005_M003_3_L.jpg,2,,○,○,,,,,,,,,,,,
スズキ,アルトラパン,660 モード,2019年10月～,9999,FF,4人,5ドア,R06A,直列3気筒DOHC,ガソリン,H17☆☆☆☆,658cc,,52ps/6500rpm,6.4kg・m/4000rpm,2460mm,680kg,155mm,4.4m,ストラット式,トーションビーム式,ディスク式,ドラム式,155/65R14,155/65R14,レギュラー,27L,35.6km/L,○,,○,○,○,分割可倒,○,○,,,,,○(2),,○,○,,,○,○,,○,○,○,○,○,○,○,,,,○,○,○,,△,○,○,○,,,,○,,,,○,△,△,,,,,,,,,,,,,,,,,,,,,,,,,○,,,,,,,,,,,,,,,,,,,,,,3395mm,1475mm,1525mm,2020mm,1295mm,1240mm,http://img.carsensorlab.net/CSphoto/catalog/SZ/S002/SZ_S002_F003_M003_1_L.jpg,http://img.carsensorlab.net/CSphoto/catalog/SZ/S002/SZ_S002_F003_M003_2_L.jpg,http://img.carsensorlab.net/CSphoto/catalog/SZ/S002/SZ_S002_F003_M003_3_L.jpg,2,,,,,,,,,,,,,,,
スズキ,エブリイワゴン,660 PZターボスペシャル ハイルーフ 4WD,2019年06月～2019年09月,ABA-DA17W,4WD,4人,5ドア,R06A,直列3気筒DOHC,ガソリン,,658cc,ターボ,64ps/6000rpm,9.7kg・m/3000rpm,2430mm,1010kg,150mm,4.5m,ストラット式,アイソレーテッド・トレーリング・リンク式,Vディスク式,ドラム式,165/60R14,165/60R14,レギュラー,37L,14.6km/L,○,,○,,○,分割可倒,○,○,○,○,○,○,○(6),,○,○,,,○,○,,○,○,○,○,○,○,○,,,○,,○,○,,△,○,○,,,,,○,,,,○,,,,,,,,,,,,,,,,,,,,,,,,,,○,○,,,,,,,,,,,,,,,,,,,,,,3395mm,1475mm,1910mm,2240mm,1355mm,1420mm,http://img.carsensorlab.net/CSphoto/catalog/SZ/S019/SZ_S019_F003_M002_1_L.jpg,http://img.carsensorlab.net/CSphoto/catalog/SZ/S019/SZ_S019_F003_M002_2_L.jpg,http://img.carsensorlab.net/CSphoto/catalog/SZ/S019/SZ_S019_F003_M002_3_L.jpg,2,可,,,,,,,,,,,,,,
トヨタ,アクア,1.5 G GRスポーツ,2017年11月～2018年03月,DAA-NHP10,FF,5人,5ドア,1NZ-FXE,直列4気筒DOHC,ハイブリッド,H17☆☆☆☆,1496cc,,74ps/4800rpm,11.3kg・m/4400rpm,2550mm,1100kg,140mm,4.8m,ストラット式,トーションビーム式,Vディスク式,ドラム式,185/60R15,185/60R15,レギュラー,36L,34.4km/L,○,○,○,○,,分割可倒,○,○,△,,○,○,○(4),,○,○,△,△,,○,○,○,○,○,○,○,,○,,,,○,○,○,,△,○,△,,,,,○,,,,,,,,,△,,,,,,,,,,,,,,,,,,,,,○,,,,,,,,,,,,,,,,,,,,,,,4070mm,1695mm,1455mm,2015mm,1395mm,1175mm,http://img.carsensorlab.net/CSphoto/catalog/TO/S228/TO_S228_F001_M007_1_L.jpg,http://img.carsensorlab.net/CSphoto/catalog/TO/S228/TO_S228_F001_M007_2_L.jpg,http://img.carsensorlab.net/CSphoto/catalog/TO/S228/TO_S228_F001_M007_3_L.jpg,2,,,,,,,,,,,,,,,
ホンダ,フィット,1.5 ハイブリッド Sパッケージ,2015年09月～2017年05月,DAA-GP5,FF,5人,5ドア,LEB,直列4気筒DOHC,ハイブリッド,H17☆☆☆☆,1496cc,,110ps/6000rpm,13.7kg・m/5000rpm,2530mm,1150kg,135mm,5.2m,ストラット式,車軸式,Vディスク式,ドラム式,185/55R16,185/55R16,レギュラー,40L,31.4km/L,○,○,○,○,,分割可倒,○,○,○,,○,○,○(4),△,○,○,○,○,○,○,○,○,○,○,○,○,○,○,○,○,,○,○,,,○,○,,○,△,△,△,,△,,△,,,,,△,,,,,,,,△,,,,△,,,,,,,,,,○,,,,,,,,,,,,,,,,,,,,,,,3955mm,1695mm,1525mm,1935mm,1450mm,1280mm,http://img.carsensorlab.net/CSphoto/catalog/HO/S028/HO_S028_F003_M005_1_L.jpg,http://img.carsensorlab.net/CSphoto/catalog/HO/S028/HO_S028_F003_M005_2_L.jpg,,2,,,,,,,,,,,,,,,
フォルクスワーゲン,ゴルフ,GTI TCR,2019年10月～2019年12月,3BA-AUDNU,FF,5人,5ドア,DNU,直列4気筒DOHC,ガソリン,,1984cc,ターボ,290ps/6500rpm,38.7kg・m/5300rpm,2635mm,1420kg,,5.2m,ストラット式,4リンク,Vディスク式,ディスク式,235/35R19,225/35R19,ハイオク,50L,,○,○,○,○,,分割可倒,○,○,○,,○,,○(8),○,○,○,○,○,○,,○,○,○,○,○,○,,○,○,,,○,○,○,○,○,○,,,○,○,○,○,○,,○,○,,,,○,,○,,,,,○,○,,○,,,,,○,○,,,○,,,,,,○,,,,,,,,,,,,,,,,,,,,4275mm,1800mm,1455mm,,,,http://img.carsensorlab.net/CSphoto/catalog/VW/S004/VW_S004_F006_M009_1_L.jpg,http://img.carsensorlab.net/CSphoto/catalog/VW/S004/VW_S004_F006_M009_2_L.jpg,http://img.carsensorlab.net/CSphoto/catalog/VW/S004/VW_S004_F006_M009_3_L.jpg,2,,,,,,,,,,,,,,,
マツダ,デミオ,1.5 15S ツーリング 4WD,2018年08月～2019年09月,6BA-DJLAS,4WD,5人,5ドア,P5-VPS,直列4気筒DOHC,ガソリン,H30☆☆☆☆☆,1496cc,,110ps/6000rpm,14.4kg・m/4000rpm,2570mm,1150kg,145mm,4.7m,ストラット式,トーションビーム式,Vディスク式,ドラム式,185/65R15,185/65R15,レギュラー,44L,,△,○,○,○,,分割可倒,○,○,△,,,,○(6),,○,○,○,○,○,○,,○,○,○,○,○,,○,○,,,○,○,○,,△,△,△,,△,△,○,○,△,,△,○,△,△,,,,,,,,,○,,,○,,,,,,,,○,,,,,,,,,,,,,,,,,,,,,,,,,,,4060mm,1695mm,1550mm,1805mm,1445mm,1210mm,http://img.carsensorlab.net/CSphoto/catalog/MA/S014/MA_S014_F004_M006_1_L.jpg,http://img.carsensorlab.net/CSphoto/catalog/MA/S014/MA_S014_F004_M006_2_L.jpg,http://img.carsensorlab.net/CSphoto/catalog/MA/S014/MA_S014_F004_M006_3_L.jpg,2,,○,,,,,,,,,,,,,
日産,フェアレディZ,3.7 NISMO,2017年07月～2019年09月,CBA-Z34,FR,2人,3ドア,VQ37VHR,V型6気筒DOHC,ガソリン,H17☆☆☆,3696cc,,355ps/7400rpm,38.1kg・m/5200rpm,2550mm,1540kg,120mm,5.2m,ダブルウィッシュボーン,マルチリンク式,Vディスク式,Vディスク式,245/40R19,285/35R19,ハイオク,72L,9.1km/L,○,,○,○,,,○,,○,,○,,○(8),○,○,○,○,○,○,○,,○,○,,○,○,,○,,,,,,,,○,○,,,○,○,○,○,○,,○,,,,,,△,,,,,,○,○,○,,,,,,○,,,,,,,,○,,,,,○,,,,,,,,,,,,,○,,,,4330mm,1870mm,1315mm,1035mm,1495mm,1090mm,http://img.carsensorlab.net/CSphoto/catalog/NI/S026/NI_S026_F004_M008_1_L.jpg,http://img.carsensorlab.net/CSphoto/catalog/NI/S026/NI_S026_F004_M008_2_L.jpg,http://img.carsensorlab.net/CSphoto/catalog/NI/S026/NI_S026_F004_M008_3_L.jpg,2,,,,○,,,,,,,,,,,
ポルシェ,911,カレラS PDK,2019年07月～2019年09月,3BA-992L30,RR,4人,2ドア,,水平対抗6気筒DOHC,ガソリン,,2981cc,ターボ,450ps/6500rpm,54kg・m/5000rpm,2450mm,1540kg,,,ストラット式,マルチリンク式,Vディスク式,Vディスク式,245/35ZR20,305/30ZR21,ハイオク,64L,,○,○,○,○,,分割可倒,,△,○,,○,,○(6),○,○,○,○,○,,,○,○,○,△,○,○,○,○,○,,,○,○,△,△,△,○,○,,,,○,,△,,△,○,△,△,,○,,△,○,○,,△,,○,△,○,,,○,△,,,△,△,,,,,,,○,,△,○,△,,,,,,,,,,△,,,,,,4520mm,1850mm,1300mm,,,,http://img.carsensorlab.net/CSphoto/catalog/PO/S001/PO_S001_F006_M001_1_L.jpg,http://img.carsensorlab.net/CSphoto/catalog/PO/S001/PO_S001_F006_M001_2_L.jpg,http://img.carsensorlab.net/CSphoto/catalog/PO/S001/PO_S001_F006_M001_3_L.jpg,2,,,,,△,△,,,,,,,,,
日産,GT-R,3.8 NISMO 4WD,2016年08月～2017年10月,DBA-R35,4WD,4人,2ドア,VR38DETT,V型6気筒DOHC,ガソリン,H17☆☆☆☆,3799cc,ターボ,600ps/6800rpm,66.5kg・m/5600rpm,2780mm,1740kg,110mm,5.7m,ダブルウィッシュボーン,マルチリンク式,Vディスク式,Vディスク式,255/40ZRF20,285/35ZRF20,ハイオク,74L,,○,,○,,,固定,○,△,○,,○,,○(11),○,○,○,,,,○,○,○,○,○,○,○,○,○,○,,,,,,,○,○,,,○,○,○,○,○,,○,○,,,,○,,○,○,○,,,○,○,○,,,,○,,○,,,,,,,○,,,,○,○,○,,,,,,,,,,,,,,○,,,4690mm,1895mm,1370mm,1730mm,1475mm,1095mm,http://img.carsensorlab.net/CSphoto/catalog/NI/S154/NI_S154_F001_M010_1_L.jpg,http://img.carsensorlab.net/CSphoto/catalog/NI/S154/NI_S154_F001_M010_2_L.jpg,http://img.carsensorlab.net/CSphoto/catalog/NI/S154/NI_S154_F001_M010_3_L.jpg,2,,,,,,,○,,,,,,,,
ポルシェ,718ケイマン,GT4,2019年10月～,7BA-982L40,MR,2人,3ドア,DKD,水平対抗6気筒DOHC,ガソリン,,3995cc,,420ps/7600rpm,42.8kg・m/6800rpm,2484mm,1420kg,,5.3m,ストラット式,ストラット式,Vディスク式,Vディスク式,245/35ZR20,295/30ZR20,ハイオク,64L,,△,○,○,○,,,,,○,,○,,○,,○,○,○,,,,△,○,○,△,○,○,△,○,,,,○,,,△,△,△,△,,○,○,○,,△,,△,○,,,,,,△,○,△,,△,,○,△,,,,○,,○,,△,△,,,,○,,,○,△,△,○,,,,,,,,,,,,,○,,,,4456mm,1801mm,1269mm,,,,http://img.carsensorlab.net/CSphoto/catalog/PO/S020/PO_S020_F001_M006_1_L.jpg,http://img.carsensorlab.net/CSphoto/catalog/PO/S020/PO_S020_F001_M006_2_L.jpg,http://img.carsensorlab.net/CSphoto/catalog/PO/S020/PO_S020_F001_M006_3_L.jpg,2,,○,,,○,,,,,,,,,,
トヨタ,ハイエースバン,2.7 DX ワイド スーパーロング ハイルーフ GLパッケージ 4WD,2015年01月～2016年05月,CBF-TRH226K,4WD,6人,4ドア,2TR-FE,直列4気筒DOHC,ガソリン,H17☆☆☆,2693cc,,160ps/5200rpm,24.8kg・m/4000rpm,3110mm,1970kg,185mm,6.3m,ダブルウィッシュボーン,車軸式半楕円板ばね,Vディスク式,ドラム式,195/80R15,195/80R15,レギュラー,70L,9.3km/L,,,○,,,一括可倒,○,○,△,,,,○(2),,○,△,,,,,,,,,○,○,,○,○,,,,,,,△,,,,,,○,○,△,,,,,,,,△,,,,△,,△,,,,,,,,,,,,,,,,,,○,,,△,,,,,,,,,,可,,,,,,,5380mm,1880mm,2285mm,,,,http://img.carsensorlab.net/CSphoto/catalog/TO/S185/TO_S185_F002_M009_1_L.jpg,http://img.carsensorlab.net/CSphoto/catalog/TO/S185/TO_S185_F002_M009_2_L.jpg,http://img.carsensorlab.net/CSphoto/catalog/TO/S185/TO_S185_F002_M009_3_L.jpg,2,,○,,,,,,○,,,,,,,
三菱,デリカD：5,2.2 P ディーゼルターボ 4WD,2019年02月～2019年09月,3DA-CV1W,4WD,7人,5ドア,4N14,直列4気筒DOHC,ディーゼル,,2267cc,ターボ,145ps/3500rpm,38.7kg・m/2000rpm,2850mm,1950kg,185mm,5.6m,ストラット式,マルチリンク式,Vディスク式,ディスク式,225/55R18,225/55R18,軽油,64L,13.6km/L,○,,○,○,,分割可倒,○,○,○,○,,○,○(6),△,○,○,,○,○,○,○,○,○,○,○,○,○,○,○,○,○,○,○,○,○,○,○,○,,,,,○,○,,,,○,○,,,○,,○,△,○,,,,,,,,,,,○,,,,,,,,,,,,,,,可,分割可倒,,○,△,,,,,,,,,,4800mm,1795mm,1875mm,2980mm,1505mm,1310mm,http://img.carsensorlab.net/CSphoto/catalog/MI/S089/MI_S089_F001_M013_1_L.jpg,http://img.carsensorlab.net/CSphoto/catalog/MI/S089/MI_S089_F001_M013_2_L.jpg,http://img.carsensorlab.net/CSphoto/catalog/MI/S089/MI_S089_F001_M013_3_L.jpg,2,,,,,,,,,,,,,,,
ホンダ,オデッセイ,2.0 ハイブリッド アブソルート EX ホンダ センシング,2017年11月～2019年09月,6AA-RC4,FF,7人,5ドア,LFA,直列4気筒DOHC,ハイブリッド,H30☆☆☆☆,1993cc,,145ps/6200rpm,17.8kg・m/4000rpm,2900mm,1890kg,150mm,5.4m,ストラット式,車軸式,Vディスク式,ディスク式,215/55R17,215/55R17,レギュラー,55L,24.4km/L,○,○,○,○,,固定,○,○,○,○,○,○,○(6),○,○,○,○,○,,○,○,○,○,○,○,○,○,○,,,○,○,○,○,○,○,○,○,○,△,△,△,,○,,△,○,○,○,,△,,,○,△,△,,,△,,,○,,○,,,,,,,,,○,,,,,,,,,可,一括可倒,○,,△,,,可,,,,,,,4840mm,1820mm,1685mm,2935mm,1560mm,1305mm,http://img.carsensorlab.net/CSphoto/catalog/HO/S002/HO_S002_F005_M005_1_L.jpg,http://img.carsensorlab.net/CSphoto/catalog/HO/S002/HO_S002_F005_M005_2_L.jpg,http://img.carsensorlab.net/CSphoto/catalog/HO/S002/HO_S002_F005_M005_3_L.jpg,2,,,,,,,,,,,,,,,
ホンダ,フリード,1.5 ハイブリッド モデューロX ホンダセンシング,2020年05月～,6AA-GB7,FF,6人,5ドア,LEB,直列4気筒DOHC,ハイブリッド,H30☆☆☆☆☆,1496cc,,110ps/6000rpm,13.7kg・m/5000rpm,2740mm,1430kg,135mm,5.2m,ストラット式,車軸式,Vディスク式,ディスク式,185/65R15,185/65R15,レギュラー,36L,,○,○,○,○,,固定,○,○,△,○,,○,○(4),○,○,○,○,○,○,○,○,○,○,○,○,○,○,○,,,○,○,○,○,○,○,○,,,△,△,△,,△,,△,,,,,△,,,,,,,,△,,,,,,,,,,,,,,,,,,,,,,,可,分割可倒,,,,,,可,,,,,,,4290mm,1695mm,1710mm,,,,http://img.carsensorlab.net/CSphoto/catalog/HO/S083/HO_S083_F002_M002_1_L.jpg,http://img.carsensorlab.net/CSphoto/catalog/HO/S083/HO_S083_F002_M002_2_L.jpg,http://img.carsensorlab.net/CSphoto/catalog/HO/S083/HO_S083_F002_M002_3_L.jpg,2,,,,,,,,,,,,,,,
マツダ,ロードスター,1.5 30周年記念車,2019年04月～2019年09月,5BA-ND5RC,FR,2人,2ドア,P5-VP,直列4気筒DOHC,ガソリン,H30☆☆☆☆,1496cc,,132ps/7000rpm,15.5kg・m/4500rpm,2310mm,1020kg,140mm,4.7m,ダブルウィッシュボーン,マルチリンク式,Vディスク式,ディスク式,195/50R16,195/50R16,ハイオク,40L,,○,,○,,,,○,,○,,,,○(9),,○,○,○,,○,○,○,○,○,,○,○,,○,,,,△,○,○,,,○,○,,○,○,○,○,,,○,○,,,,,,○,,○,,,,,○,○,,,,,,,,,,,,,,,,,○,○,,,,,,,,,,,,,,,,,3915mm,1735mm,1235mm,940mm,1425mm,1055mm,http://img.carsensorlab.net/CSphoto/catalog/MA/S017/MA_S017_F004_M003_1_L.jpg,http://img.carsensorlab.net/CSphoto/catalog/MA/S017/MA_S017_F004_M003_2_L.jpg,http://img.carsensorlab.net/CSphoto/catalog/MA/S017/MA_S017_F004_M003_3_L.jpg,2,,,,,,,○,,手動,,,,,,
ポルシェ,718ボクスター,GTS PDK,2017年11月～2018年04月,ABA-982J2,MR,2人,2ドア,DJU,水平対抗4気筒DOHC,ガソリン,,2497cc,ターボ,365ps/6500rpm,43.8kg・m/5000rpm,2475mm,1430kg,,5.2m,ストラット式,ストラット式,Vディスク式,Vディスク式,235/35ZR20,265/35ZR20,ハイオク,64L,11.4km/L,△,○,○,○,,,,,○,,○,,○(6),,○,○,○,,,,△,○,○,△,○,○,△,○,○,,,○,,,,△,△,△,,○,○,○,,△,,△,△,,,,,,△,○,△,,△,,○,△,,,,○,,,,△,△,,,,,○,,○,△,△,○,,,,,,,,,,,,,○,,,,4385mm,1800mm,1270mm,,,,http://img.carsensorlab.net/CSphoto/catalog/PO/S019/PO_S019_F001_M003_1_L.jpg,http://img.carsensorlab.net/CSphoto/catalog/PO/S019/PO_S019_F001_M003_2_L.jpg,http://img.carsensorlab.net/CSphoto/catalog/PO/S019/PO_S019_F001_M003_3_L.jpg,2,,○,,,○,,,,電動,,,,,,
メルセデス・ベンツ,SLKクラス,SLK200 MT AMGスポーツパッケージ,2015年04月～2015年07月,CBA-172448,FR,2人,2ドア,271,直列4気筒DOHC,ガソリン,H17☆☆☆,1795cc,ターボ,184ps/5250rpm,27.5kg・m/4600rpm,2430mm,1460kg,115mm,4.8m,3リンク式,マルチリンク式,Vディスク式,ディスク式,225/40R18,245/35R18,ハイオク,70L,14.6km/L,○,○,○,○,,,,,○,,○,,○(8),○,○,○,○,○,○,,○,○,○,,,○,,○,,,,○,,,,,,○,,○,○,○,○,,,○,,,,,,,○,,○,,,○,○,,○,,,,,○,,,△,,,,○,○,,○,,,,,,,,,,,,,,,,○,,,,4150mm,1845mm,1295mm,,,,http://img.carsensorlab.net/CSphoto/catalog/ME/S007/ME_S007_F003_M005_1_L.jpg,http://img.carsensorlab.net/CSphoto/catalog/ME/S007/ME_S007_F003_M005_2_L.jpg,http://img.carsensorlab.net/CSphoto/catalog/ME/S007/ME_S007_F003_M005_3_L.jpg,2,,,,,,,,,,電動,,,,,
メルセデスＡＭＧ,Cクラス,C63 S,2019年10月～2020年03月,CBA-205087,FR,5人,4ドア,177,V型8気筒DOHC,ガソリン,H17☆☆☆,3982cc,ターボ,510ps/6250rpm,71.4kg・m/4500rpm,2840mm,1790kg,110mm,5.4m,4リンク式,マルチリンク式,Vディスク式,Vディスク式,245/35R19,265/35R19,ハイオク,66L,8.8km/L,○,○,○,○,,分割可倒,,○,○,,○,,○(5),○,○,○,○,○,,,○,○,○,○,○,○,,○,○,,,○,○,○,○,○,○,○,,,,○,○,○,,○,○,,,,,,○,○,○,,,○,○,△,○,○,○,○,△,,○,○,,○,,,○,,,○,,△,○,,,,,,,,,,,△,,○,,,,4755mm,1840mm,1430mm,,,,http://img.carsensorlab.net/CSphoto/catalog/AM/S006/AM_S006_F001_M007_1_L.jpg,http://img.carsensorlab.net/CSphoto/catalog/AM/S006/AM_S006_F001_M007_2_L.jpg,http://img.carsensorlab.net/CSphoto/catalog/AM/S006/AM_S006_F001_M007_3_L.jpg,2,,,,,,,,,,,△,,,,
トヨタ,クラウンアスリート,2.0 G-T,2016年08月～2018年06月,DBA-ARS210,FR,5人,4ドア,8AR-FTS,直列4気筒DOHC,ガソリン,H17☆☆☆☆,1998cc,ターボ,235ps/5800rpm,35.7kg・m/4400rpm,2850mm,1630kg,135mm,5.2m,ダブルウィッシュボーン,マルチリンク式,Vディスク式,ディスク式,215/55R17,215/55R17,ハイオク,65L,13.4km/L,○,○,○,○,,固定,○,○,○,,○,○,○(10),○,○,○,○,○,○,○,○,○,○,○,○,○,○,○,○,,,○,○,○,○,○,○,○,○,○,○,○,,○,,○,△,△,△,,○,△,○,○,○,,,△,○,,○,△,○,○,△,○,○,○,○,○,,,,,,,,,,,,,,,,,,○,,,,,,,,4895mm,1800mm,1450mm,1975mm,1510mm,1190mm,http://img.carsensorlab.net/CSphoto/catalog/TO/S056/TO_S056_F004_M005_1_L.jpg,http://img.carsensorlab.net/CSphoto/catalog/TO/S056/TO_S056_F004_M005_2_L.jpg,http://img.carsensorlab.net/CSphoto/catalog/TO/S056/TO_S056_F004_M005_3_L.jpg,2,,,,,,,,,,,,,,,
トヨタ,カムリハイブリッド,2.5 レザーパッケージ,2015年10月～2017年07月,DAA-AVV50,FF,5人,4ドア,2AR-FXE,直列4気筒DOHC,ハイブリッド,H17☆☆☆☆,2493cc,,160ps/5700rpm,21.7kg・m/4500rpm,2775mm,1550kg,150mm,5.5m,ストラット式,ストラット式,Vディスク式,ディスク式,215/55R17,215/55R17,レギュラー,65L,23.4km/L,○,○,○,○,,分割可倒,○,○,○,,,○,○(6),,○,○,○,○,○,○,○,○,○,○,○,○,,○,,,,○,△,△,△,○,○,○,,○,○,○,○,○,,○,,,,,○,△,,○,○,,,△,○,,,,○,○,△,○,○,,,,,,,○,,,,,,,,,,,,,,,,,,,,,,4850mm,1825mm,1470mm,2080mm,1525mm,1210mm,http://img.carsensorlab.net/CSphoto/catalog/TO/S221/TO_S221_F001_M007_1_L.jpg,http://img.carsensorlab.net/CSphoto/catalog/TO/S221/TO_S221_F001_M007_2_L.jpg,http://img.carsensorlab.net/CSphoto/catalog/TO/S221/TO_S221_F001_M007_3_L.jpg,2,,,,,,,,,,,,,,,
レクサス,LSハイブリッド,600hL エグゼクティブパッケージ 4WD,2013年09月～2014年03月,DAA-UVF46,4WD,5人,4ドア,2UR-FSE,V型8気筒DOHC,ハイブリッド,H17☆☆☆☆,4968cc,,394ps/6400rpm,53kg・m/4000rpm,3090mm,2370kg,130mm,5.9m,マルチリンク式,マルチリンク式,Vディスク式,Vディスク式,235/50R18,235/50R18,ハイオク,84L,11.6km/L,○,○,○,○,,固定,○,○,○,,,○,○(19),○,○,○,○,○,○,○,○,○,○,○,○,○,○,○,○,,○,○,○,○,○,○,○,○,,○,○,○,○,○,,○,○,,,,,△,○,○,○,○,○,△,○,○,○,,○,○,△,○,○,○,○,○,○,,,,,,,,,,○,,,○,,○,,○,,,,○,,,,5210mm,1875mm,1475mm,2295mm,1600mm,1185mm,http://img.carsensorlab.net/CSphoto/catalog/LE/S006/LE_S006_F001_M006_1_L.jpg,http://img.carsensorlab.net/CSphoto/catalog/LE/S006/LE_S006_F001_M006_2_L.jpg,http://img.carsensorlab.net/CSphoto/catalog/LE/S006/LE_S006_F001_M006_3_L.jpg,2,,,,,,△,,,,,○,○,,,
トヨタ,ランドクルーザープラド,2.8 TX ディーゼルターボ 4WD,2019年10月～2020年07月,LDA-GDJ150W,4WD,5人,5ドア,1GD-FTV,直列4気筒DOHC,ディーゼル,,2754cc,ターボ,177ps/3400rpm,45.9kg・m/2400rpm,2790mm,2170kg,220mm,5.8m,ダブルウィッシュボーン,トレーリングリンク車軸式,Vディスク式,Vディスク式,265/65R17,265/65R17,軽油,87L,11.8km/L,○,○,○,○,,分割可倒,○,○,○,,○,○,○(6),△,○,○,○,○,○,○,○,○,○,○,○,○,○,○,○,,,,○,○,○,△,○,,,△,△,△,○,△,,△,△,,,○,△,△,,,,,,△,△,,,,△,,△,△,○,,○,,,,,,,,,,,,,,,,,,,,,,△,,,,,4825mm,1885mm,1850mm,1825mm,1565mm,1240mm,http://img.carsensorlab.net/CSphoto/catalog/TO/S152/TO_S152_F004_M006_1_L.jpg,http://img.carsensorlab.net/CSphoto/catalog/TO/S152/TO_S152_F004_M006_2_L.jpg,http://img.carsensorlab.net/CSphoto/catalog/TO/S152/TO_S152_F004_M006_3_L.jpg,2,,,,,,,,,,,,,○,,
ジープ,ラングラー,アンリミテッド ルビコン スカイワンタッチパワートップ 4WD,2019年10月～2019年10月,ABA-JL36L,4WD,5人,5ドア,G,V型6気筒DOHC,ガソリン,,3604cc,,284ps/6400rpm,35.4kg・m/4100rpm,3010mm,2040kg,200mm,6.2m,コイルリジッド,コイルリジッド,Vディスク式,ディスク式,255/75R17,255/75R17,レギュラー,81L,9km/L,○,,○,○,,分割可倒,,○,○,,,○,○(9),○,○,○,○,,,,○,○,○,,○,○,,○,○,,,○,○,,○,○,○,○,,,,○,○,○,,○,○,○,○,○,○,,,,○,,○,○,,○,,,,,,,,,,,,,,,,○,,,,,,,,,,,,,,,,,,,,4870mm,1895mm,1865mm,,,,http://img.carsensorlab.net/CSphoto/catalog/JE/S001/JE_S001_F004_M003_1_L.jpg,http://img.carsensorlab.net/CSphoto/catalog/JE/S001/JE_S001_F004_M003_2_L.jpg,http://img.carsensorlab.net/CSphoto/catalog/JE/S001/JE_S001_F004_M003_3_L.jpg,2,,,,,,,,,,,,,○,○,電動
トヨタ,ヤリスクロス,1.5 ハイブリッド Z,2020年08月～,6AA-MXPJ10,FF,5人,5ドア,M15A-FXE,直列3気筒DOHC,ハイブリッド,H30☆☆☆☆☆,1490cc,,91ps/5500rpm,12.2kg・m/4800rpm,2560mm,1190kg,170mm,5.3m,ストラット式,トーションビーム式,Vディスク式,ディスク式,215/50R18,215/50R18,レギュラー,36L,31.3km/L,○,○,○,○,,分割可倒,○,○,○,,○,,○(6),,○,○,○,○,,○,○,○,○,○,○,○,○,○,,,,○,○,○,○,○,○,○,○,,,○,○,○,,,○,△,△,,,△,,○,,△,△,△,○,,,△,○,,,,,,,,,,,,,,,,,,,,,,△,,,,,,△,,,,,4180mm,1765mm,1590mm,1845mm,1430mm,1205mm,http://img.carsensorlab.net/CSphoto/catalog/TO/S251/TO_S251_F001_M001_1_L.jpg,http://img.carsensorlab.net/CSphoto/catalog/TO/S251/TO_S251_F001_M001_2_L.jpg,http://img.carsensorlab.net/CSphoto/catalog/TO/S251/TO_S251_F001_M001_3_L.jpg,2,,,,,,,,,,,,,,,
マツダ,CX-5,2.2 XD エクスクルーシブ モード ディーゼルターボ 4WD,2019年12月～,3DA-KF2P,4WD,5人,5ドア,SH-VPTS,直列4気筒DOHC,ディーゼル,,2188cc,ターボ,190ps/4500rpm,45.9kg・m/2000rpm,2700mm,1690kg,210mm,5.5m,ストラット式,マルチリンク式,Vディスク式,ディスク式,225/55R19,225/55R19,軽油,58L,,○,○,○,○,,分割可倒,○,○,○,,○,○,○(10),,○,○,○,○,○,○,○,○,○,○,○,○,,○,○,,,○,○,○,○,○,○,○,○,○,○,○,○,○,,○,○,○,○,,,,○,○,○,,○,○,,○,○,,,○,△,,,○,○,,,,,,,,,,,,○,,,,○,,,,,,,,,,,4545mm,1840mm,1690mm,1890mm,1540mm,1265mm,http://img.carsensorlab.net/CSphoto/catalog/MA/S087/MA_S087_F002_M006_1_L.jpg,http://img.carsensorlab.net/CSphoto/catalog/MA/S087/MA_S087_F002_M006_2_L.jpg,http://img.carsensorlab.net/CSphoto/catalog/MA/S087/MA_S087_F002_M006_3_L.jpg,2,,,,,,,,,,,,,,,
日産,エクストレイル,2.0 20Xi 2列車 4WD,2019年01月～2019年09月,DBA-NT32,4WD,5人,5ドア,MR20DD,直列4気筒DOHC,ガソリン,H17☆☆☆☆,1997cc,,147ps/6000rpm,21.1kg・m/4400rpm,2705mm,1540kg,,5.6m,ストラット式,マルチリンク式,Vディスク式,Vディスク式,225/60R18,225/60R18,レギュラー,60L,15.6km/L,○,,○,○,,分割可倒,○,○,○,,○,○,○(4),△,○,○,△,△,,○,○,○,○,○,○,○,,○,,,,○,○,○,○,○,○,△,○,△,△,△,○,○,○,△,○,○,○,○,△,○,,,,,,,△,,,△,,,△,△,,,,,,,,,,,,,,,△,,,,○,,,,,△,△,,,,,4690mm,1820mm,1740mm,2005mm,1535mm,1270mm,http://img.carsensorlab.net/CSphoto/catalog/NI/S020/NI_S020_F003_M006_1_L.jpg,http://img.carsensorlab.net/CSphoto/catalog/NI/S020/NI_S020_F003_M006_2_L.jpg,http://img.carsensorlab.net/CSphoto/catalog/NI/S020/NI_S020_F003_M006_3_L.jpg,2,,,,,,,,,,,,,,,
スバル,レヴォーグ,2.0 STI スポーツ アイサイト 4WD,2019年10月～,DBA-VMG,4WD,5人,5ドア,FA20,水平対抗4気筒DOHC,ガソリン,H17☆☆☆☆,1998cc,ターボ,300ps/5600rpm,40.8kg・m/4800rpm,2650mm,1570kg,135mm,5.5m,ストラット式,ダブルウィッシュボーン,Vディスク式,Vディスク式,225/45R18,225/45R18,ハイオク,60L,13.2km/L,○,,○,○,,分割可倒,○,○,○,,○,○,○(6),,○,○,○,○,,○,○,○,○,○,○,○,○,○,○,,,,○,○,○,○,○,○,○,,,,○,○,,,,○,○,,,,○,○,○,,,○,,,○,,,○,△,,○,○,○,,,,,,,,,,,,,,,,,,,,,,,,,,,4690mm,1780mm,1490mm,2005mm,1490mm,1205mm,http://img.carsensorlab.net/CSphoto/catalog/SB/S052/SB_S052_F001_M007_1_L.jpg,http://img.carsensorlab.net/CSphoto/catalog/SB/S052/SB_S052_F001_M007_2_L.jpg,http://img.carsensorlab.net/CSphoto/catalog/SB/S052/SB_S052_F001_M007_3_L.jpg,2,,,,,,,○,,,,,,,,
メルセデスＡＭＧ,Cクラスワゴン,C63 S,2019年10月～2020年03月,CBA-205287,FR,5人,5ドア,177,V型8気筒DOHC,ガソリン,H17☆☆☆,3982cc,ターボ,510ps/6250rpm,71.4kg・m/4500rpm,2840mm,1840kg,120mm,5.4m,4リンク式,マルチリンク式,Vディスク式,Vディスク式,245/35R19,265/35R19,ハイオク,66L,8.8km/L,○,○,○,○,,分割可倒,,○,○,,○,,○(5),○,○,○,○,○,,,○,○,○,○,○,○,,○,○,,,○,○,○,○,○,○,○,,,,○,○,○,,○,○,,,,,,○,○,○,,,,○,△,○,○,○,○,△,,○,○,,○,,,○,,,○,,△,○,,,,,,○,,,,,△,○,○,,,,4770mm,1840mm,1445mm,,,,http://img.carsensorlab.net/CSphoto/catalog/AM/S009/AM_S009_F001_M007_1_L.jpg,http://img.carsensorlab.net/CSphoto/catalog/AM/S009/AM_S009_F001_M007_2_L.jpg,http://img.carsensorlab.net/CSphoto/catalog/AM/S009/AM_S009_F001_M007_3_L.jpg,2,,,,,,,,,,,△,,,,
スバル,レガシィツーリングワゴン,2.5 GT Sパッケージ 4WD,2011年06月～2012年04月,DBA-BR9,4WD,5人,5ドア,EJ25,水平対抗4気筒DOHC,ガソリン,H17☆☆☆☆,2457cc,ターボ,285ps/6000rpm,35.7kg・m/5600rpm,2750mm,1520kg,150mm,5.5m,ストラット式,ダブルウィッシュボーン,Vディスク式,Vディスク式,225/45R18,225/45R18,ハイオク,65L,,○,,○,○,,分割可倒,○,○,○,,○,○,○(6),,○,○,○,○,,○,○,○,○,○,○,○,○,○,,,,,,,,△,○,△,○,△,△,△,○,△,,,,,,,,,,○,△,,,○,△,△,○,,,○,△,△,,△,○,,,11km/L,,○,,,,,,,,,,,,,,,,,,△,,,,4775mm,1780mm,1535mm,2190mm,1545mm,1230mm,http://img.carsensorlab.net/CSphoto/catalog/SB/S015/SB_S015_F005_M003_1_L.jpg,http://img.carsensorlab.net/CSphoto/catalog/SB/S015/SB_S015_F005_M003_2_L.jpg,http://img.carsensorlab.net/CSphoto/catalog/SB/S015/SB_S015_F005_M003_3_L.jpg,2,,,,,,,,,,,,,,,
メルセデスＡＭＧ,Eクラスワゴン,E63 S 4マチックプラス 4WD,2017年08月～2017年12月,CBA-213289,4WD,5人,5ドア,177,V型8気筒DOHC,ガソリン,H17☆☆☆,3982cc,ターボ,612ps/6500rpm,86.7kg・m/4500rpm,2940mm,2140kg,125mm,5.9m,4リンク式,マルチリンク式,Vディスク式,Vディスク式,265/35R20,295/30R20,ハイオク,80L,8.7km/L,○,○,○,○,,分割可倒,,○,○,,○,,○(13),○,○,○,○,○,,,○,○,○,○,○,○,○,○,○,,,○,○,○,○,○,○,○,,,,○,○,○,,○,○,○,○,,,,○,○,○,,,○,○,○,○,○,○,○,△,,○,○,,○,,,○,,,○,,△,○,,○,,,,○,,,,,△,,○,○,○,,5005mm,1905mm,1475mm,,,,http://img.carsensorlab.net/CSphoto/catalog/AM/S011/AM_S011_F002_M002_1_L.jpg,http://img.carsensorlab.net/CSphoto/catalog/AM/S011/AM_S011_F002_M002_2_L.jpg,http://img.carsensorlab.net/CSphoto/catalog/AM/S011/AM_S011_F002_M002_3_L.jpg,2,,,,,,,,,,,○,○,,,
トヨタ,カローラツーリング,1.8 ハイブリッド WxB E-Four 4WD,2019年10月～2020年09月,6AA-ZWE214W,4WD,5人,5ドア,2ZR-FXE,直列4気筒DOHC,ハイブリッド,H30☆☆☆☆☆,1797cc,,98ps/5200rpm,14.5kg・m/3600rpm,2640mm,1450kg,130mm,5.3m,ストラット式,ダブルウィッシュボーン,Vディスク式,ディスク式,215/45R17,215/45R17,レギュラー,43L,28.4km/L,○,○,○,○,,分割可倒,○,○,○,,○,○,○(4),,○,○,○,○,,○,○,○,○,○,○,○,○,○,,,,○,○,○,○,○,○,△,○,,,○,○,○,,,○,,,,,△,,,,△,△,△,○,,,,○,,,,○,,,,,,,,,,,,,,,,,,,,,,,,△,,,,,4495mm,1745mm,1460mm,1795mm,1510mm,1160mm,http://img.carsensorlab.net/CSphoto/catalog/TO/S245/TO_S245_F001_M002_1_L.jpg,http://img.carsensorlab.net/CSphoto/catalog/TO/S245/TO_S245_F001_M002_2_L.jpg,http://img.carsensorlab.net/CSphoto/catalog/TO/S245/TO_S245_F001_M002_3_L.jpg,2,,,,,,,,,,,,,,,
スズキ,ジムニー,660 XC 4WD,2019年10月～,3BA-JB64W,4WD,4人,3ドア,R06A,直列3気筒DOHC,ガソリン,,658cc,ターボ,64ps/6000rpm,9.8kg・m/3500rpm,2250mm,1040kg,205mm,4.8m,3リンクリジッドアクスル式,3リンクリジッドアクスル式,ディスク式,ドラム式,175/80R16,175/80R16,レギュラー,40L,,○,,○,,,分割可倒,○,○,○,,,○,○(2),,○,○,○,○,○,○,○,○,○,○,○,○,○,○,,,,,○,○,,,○,○,○,,,,○,,○,,,,,○,,,,,,,,,,,,,,,,,,,○,,,,,,,,,,,,,,,,,,,,,,,,,,,3395mm,1475mm,1725mm,1795mm,1300mm,1200mm,http://img.carsensorlab.net/CSphoto/catalog/SZ/S010/SZ_S010_F003_M002_1_L.jpg,http://img.carsensorlab.net/CSphoto/catalog/SZ/S010/SZ_S010_F003_M002_2_L.jpg,http://img.carsensorlab.net/CSphoto/catalog/SZ/S010/SZ_S010_F003_M002_3_L.jpg,2,,,,,,,,,,,,,,,
トヨタ,ヴォクシー,2.0 ZS 煌III,2020年10月～,3BA-ZRR80W,FF,7人,5ドア,3ZR-FAE,直列4気筒DOHC,ガソリン,,1986cc,,152ps/6100rpm,19.7kg・m/3800rpm,2850mm,1610kg,160mm,5.5m,ストラット式,トーションビーム式,Vディスク式,ディスク式,205/60R16,205/60R16,レギュラー,55L,,○,,○,○,,固定,○,○,○,○,○,○,○(6),,○,○,△,△,○,○,○,○,○,○,○,○,,○,○,,○,○,○,○,,,○,,○,,,,○,,,,○,,,,,△,,,,,,,,,,,,,,,○,,,,,,○,,,,,,,,,可,分割可倒,,,,,,可,,,,,,,4710mm,1735mm,1825mm,2930mm,1540mm,1400mm,http://img.carsensorlab.net/CSphoto/catalog/TO/S021/TO_S021_F003_M007_1_L.jpg,http://img.carsensorlab.net/CSphoto/catalog/TO/S021/TO_S021_F003_M007_2_L.jpg,http://img.carsensorlab.net/CSphoto/catalog/TO/S021/TO_S021_F003_M007_3_L.jpg,2,,,,,,,,,,,,,,,
ホンダ,ステップワゴン,1.5 スパーダ ホンダ センシング,2019年12月～,6BA-RP3,FF,7人,5ドア,L15B,直列4気筒DOHC,ガソリン,H30☆☆☆☆☆,1496cc,ターボ,150ps/5500rpm,20.7kg・m/5000rpm,2890mm,1680kg,155mm,5.4m,ストラット式,車軸式,Vディスク式,ディスク式,205/60R16,205/60R16,レギュラー,52L,15.8km/L,○,○,○,○,,固定,○,○,○,○,○,○,○(6),○,○,○,△,△,,○,○,○,○,○,○,○,○,○,○,,○,○,○,○,○,○,○,,○,△,△,△,,△,○,△,,△,△,,△,,,,,,,,△,,,△,,,,,,,,,,,,,,,,,,,,可,分割可倒,,,△,,,可,,,,,,,4760mm,1695mm,1840mm,3220mm,1500mm,1425mm,http://img.carsensorlab.net/CSphoto/catalog/HO/S003/HO_S003_F005_M006_1_L.jpg,http://img.carsensorlab.net/CSphoto/catalog/HO/S003/HO_S003_F005_M006_2_L.jpg,http://img.carsensorlab.net/CSphoto/catalog/HO/S003/HO_S003_F005_M006_3_L.jpg,2,,,,,,,,,,,,,,,
ミニ,ミニ,クーパー 3ドア 60イヤーズ エディション DCT,2019年10月～,DBA-XR15M,FF,4人,3ドア,B38A15A,直列3気筒DOHC,ガソリン,H17☆☆☆☆,1498cc,ターボ,136ps/4500rpm,22.4kg・m/4100rpm,2495mm,1240kg,,5.3m,ストラット式,ダブルウィッシュボーン,ディスク式,ディスク式,205/45R17,205/45R17,ハイオク,40L,17.7km/L,○,,○,○,,分割可倒,,,○,,○,○,○(6),,○,○,○,○,,,○,○,○,○,○,○,,○,○,,,○,○,,,○,○,○,,,,○,,○,,,○,,,,,,,,○,,,○,○,,○,,○,,,,,,,,,,,,,○,,,,,,,,,,,,○,,,,○,,,,3835mm,1725mm,1430mm,,,,http://img.carsensorlab.net/CSphoto/catalog/MN/S001/MN_S001_F003_M006_1_L.jpg,http://img.carsensorlab.net/CSphoto/catalog/MN/S001/MN_S001_F003_M006_2_L.jpg,http://img.carsensorlab.net/CSphoto/catalog/MN/S001/MN_S001_F003_M006_3_L.jpg,2,,,,,,,,,,,,,,,
マツダ,アクセラ,2.2 22XD Lパッケージ ディーゼルターボ,2017年09月～2019年05月,LDA-BM2FP,FF,5人,4ドア,SH-VPTR,直列4気筒DOHC,ディーゼル,,2188cc,ターボ,175ps/4500rpm,42.8kg・m/2000rpm,2700mm,1450kg,155mm,5.3m,ストラット式,マルチリンク式,Vディスク式,ディスク式,215/45R18,215/45R18,軽油,51L,19.6km/L,○,○,○,○,,分割可倒,○,○,○,,,○,○(6),,○,○,○,○,○,○,○,○,○,○,○,○,,○,○,,,○,○,○,○,△,○,○,,△,△,○,○,△,,△,○,△,△,,,○,○,○,○,,○,,,△,○,,,,○,,,○,,,,,,,,,,,,,,,,,,,,,,,,,,,,4580mm,1795mm,1455mm,1845mm,1505mm,1170mm,http://img.carsensorlab.net/CSphoto/catalog/MA/S006/MA_S006_F003_M007_1_L.jpg,http://img.carsensorlab.net/CSphoto/catalog/MA/S006/MA_S006_F003_M007_2_L.jpg,http://img.carsensorlab.net/CSphoto/catalog/MA/S006/MA_S006_F003_M007_3_L.jpg,2,,,,,,,,,,,,,,,
ＢＭＷ,3シリーズ,M340i xドライブ 4WD,2019年10月～,3BA-5U30,4WD,5人,4ドア,B58B30B,直列6気筒DOHC,ガソリン,,2998cc,ターボ,387ps/5800rpm,51kg・m/5000rpm,2850mm,1730kg,130mm,6m,ストラット式,5リンク式,Vディスク式,Vディスク式,225/40R19,255/35R19,ハイオク,59L,12.4km/L,○,○,○,○,,分割可倒,,,○,,○,○,○(16),○,○,○,○,○,,,○,○,○,○,○,○,,○,○,,,○,○,○,○,○,○,○,,,,○,,○,,,○,△,△,,,,○,○,○,,,○,○,○,○,○,○,○,△,,,○,,○,,,○,,,○,,,○,,,,,,,,,,,,,○,○,,,4720mm,1825mm,1445mm,,,,http://img.carsensorlab.net/CSphoto/catalog/BM/S011/BM_S011_F005_M002_1_L.jpg,http://img.carsensorlab.net/CSphoto/catalog/BM/S011/BM_S011_F005_M002_2_L.jpg,http://img.carsensorlab.net/CSphoto/catalog/BM/S011/BM_S011_F005_M002_3_L.jpg,2,,,,,,,,,,,,,,,
日産,デイズ,660 ハイウェイスターX プロパイロット エディション,2020年08月～,5AA-B44W,FF,4人,5ドア,BR06,直列3気筒DOHC,ハイブリッド,H30☆☆☆☆,659cc,,52ps/6400rpm,6.1kg・m/3600rpm,2495mm,870kg,155mm,4.5m,ストラット式,トーションビーム式,Vディスク式,ドラム式,155/65R14,155/65R14,レギュラー,27L,28.6km/L,○,,○,○,○,分割可倒,○,○,○,,○,○,○(6),,○,○,○,○,,,○,○,○,○,○,○,,○,,,,○,○,○,○,○,○,△,○,,,,○,○,,,○,○,○,,,△,,,,,,,,,,,○,,,,○,,,,,,○,,,○,,,,,,,,,,,,,,,,,,,,3395mm,1475mm,1640mm,2065mm,1340mm,1270mm,http://img.carsensorlab.net/CSphoto/catalog/NI/S179/NI_S179_F002_M003_1_L.jpg,http://img.carsensorlab.net/CSphoto/catalog/NI/S179/NI_S179_F002_M003_2_L.jpg,http://img.carsensorlab.net/CSphoto/catalog/NI/S179/NI_S179_F002_M003_3_L.jpg,2,,,,,,,,,,,,,,,
マツダ,RX-7,タイプR バサースト,2002年03月～2002年08月,GF-FD3S,FR,4人,3ドア,13B-REW,直列ロータリー,ガソリン,,1308cc,ターボ,280ps/6500rpm,32kg・m/5000rpm,2425mm,1260kg,135mm,5.1m,ダブルウィッシュボーン,ダブルウィッシュボーン,Vディスク式,Vディスク式,225/50ZR16,225/50ZR16,ハイオク,76L,,,,○,,,一括可倒,,○,○,,○,○,○(5),,○,○,,,,○,,,,,○,,,,,,,,,,,,,,,,,○,,,,,,,,,,○,,,,,,,,,,,,,,,,,,,,8.1km/L,○,,,,○,,○,,,,,,,,,,,,,,,,,4285mm,1760mm,1230mm,1415mm,1425mm,1025mm,http://img.carsensorlab.net/CSphoto/catalog/MA/S022/MA_S022_F001_M002_1_L.jpg,http://img.carsensorlab.net/CSphoto/catalog/MA/S022/MA_S022_F001_M002_2_L.jpg,http://img.carsensorlab.net/CSphoto/catalog/MA/S022/MA_S022_F001_M002_3_L.jpg,2,,○,,,,,,,,,,,,,